"","user","target_user","layer","w_ij"
"1","000277100d5593fec35a151e228f6a485210a3fa87cda78d79c465bbebb6e71e","000277100d5593fec35a151e228f6a485210a3fa87cda78d79c465bbebb6e71e","Community",0.247279943674103
"2","000277100d5593fec35a151e228f6a485210a3fa87cda78d79c465bbebb6e71e","2362ac333f83b3c2c10d78f0082011bf3b08fce5b0d413a04dc07414c58b2b3c","Community",0.0644235188818452
"3","0002a8f1815bcef6bc1613175df0505bd295fb79ed6ace605b933f1a165c718d","0002a8f1815bcef6bc1613175df0505bd295fb79ed6ace605b933f1a165c718d","Community",0.151013164555059
"4","0002a8f1815bcef6bc1613175df0505bd295fb79ed6ace605b933f1a165c718d","034247ac9b2ef0f609abe94c033b8f15b7a2549e66e745266a38c8700f3bc111","Community",0.267634603708998
"5","0002a8f1815bcef6bc1613175df0505bd295fb79ed6ace605b933f1a165c718d","4a719db3c0a303ea66eebc6e6b0136708f73a54d926e0b9e515548ffa0854269","Community",0.174533833766514
"6","0002a8f1815bcef6bc1613175df0505bd295fb79ed6ace605b933f1a165c718d","7bdfacc3ccd146fa711a38d552e25e5f40a7e6f00c2e3b17e8ca8d8520b89804","School",0.184173394998824
"7","0002a8f1815bcef6bc1613175df0505bd295fb79ed6ace605b933f1a165c718d","dbe4889dbfaa24eecf280a2b8c03ffff42f876644808ead27dca81bd3593ee0f","School",0.133243023026063
"8","0002a8f1815bcef6bc1613175df0505bd295fb79ed6ace605b933f1a165c718d","dcecee74fd932ce96a2a7de6c0ec72b0220d97227394d82179939d1d182c8994","Community",0.133500424840926
"9","0002a8f1815bcef6bc1613175df0505bd295fb79ed6ace605b933f1a165c718d","eb9b5efd5330143fcb5cb75f525faa52b4b3e8fe5568994c7f1c73b7cd2c0d1f","Community",0.0639279087727506
"10","00033a3bb5f07e32dc00a69de6c8b4f73d05e5d08d14a8d2b6d796a64f3dbb54","00033a3bb5f07e32dc00a69de6c8b4f73d05e5d08d14a8d2b6d796a64f3dbb54","Community",0.10431355000998
"11","000343483445495a56d6d02cd1e1f5cda6e577b636c21c2f5922df46c0855919","000343483445495a56d6d02cd1e1f5cda6e577b636c21c2f5922df46c0855919","Community",0.0622364046907998
"12","000343483445495a56d6d02cd1e1f5cda6e577b636c21c2f5922df46c0855919","bc813e4c8d6f9f26ea25d81d2606389d79c7590195202e12fed4418247733449","Community",0.0605109890730605
"13","000343483445495a56d6d02cd1e1f5cda6e577b636c21c2f5922df46c0855919","c9c19de72d760cd612f3868611a3549b58fbcb7925ddecb4922d8f5017410e6c","Community",0.0849473816041903
"14","000343483445495a56d6d02cd1e1f5cda6e577b636c21c2f5922df46c0855919","c9ec9ab6724ed44a29d250d81691b5304756af2b833e4f73b4cbc1ebd80c7e94","Community",0.0864541581626141
"15","000343483445495a56d6d02cd1e1f5cda6e577b636c21c2f5922df46c0855919","eb35343314e024cd48758525ace6d550c7d46b95334a1a9a7aadcdccc3f89e98","Community",0.0518659691689621
"16","000347ca57a60068d9b77636ccd8f0612ec971a84131b4f650996f8a255766a8","000347ca57a60068d9b77636ccd8f0612ec971a84131b4f650996f8a255766a8","Community",0.566999028890744
"17","000347ca57a60068d9b77636ccd8f0612ec971a84131b4f650996f8a255766a8","4347c3b284248f42c34cbfe2c627dcf2391e9316332f92382f4bc200c6cb0b13","Community",0.544002757140876
"18","000347ca57a60068d9b77636ccd8f0612ec971a84131b4f650996f8a255766a8","e0e3a7d3c9c9790746bdfb2b6a43abfa8f2be4529ac111dfa4d33a16331ceb4b","Community",0.0676616197355756
"19","0004871e72d75626632bbce83040c515345c7df37a77658c3573eb29e496eed4","0004871e72d75626632bbce83040c515345c7df37a77658c3573eb29e496eed4","Community",0.11604915934583
"20","0004871e72d75626632bbce83040c515345c7df37a77658c3573eb29e496eed4","1254dee8f8d516d29f288765cfc35fbe564aa553cff83275b5ca2a48e524e6dd","Community",0.138976486135113
"21","0004871e72d75626632bbce83040c515345c7df37a77658c3573eb29e496eed4","78fc904129d3262ec7a21bcece73a0c6f357f129174069ac2a46d94ba1a5c00a","Community",0.117248075261674
"22","0004871e72d75626632bbce83040c515345c7df37a77658c3573eb29e496eed4","affeda0d9fd4db2929f712f2fdd23341d6a28fc069b84af6181a79a1b39cd49e","Community",0.0910145693968343
"23","0004871e72d75626632bbce83040c515345c7df37a77658c3573eb29e496eed4","f7a9c7faf9202e0f46f836082d7bac6c411115e001cf20d6f732796769683496","School",0.0608611915501725
"24","0004871e72d75626632bbce83040c515345c7df37a77658c3573eb29e496eed4","fbc4d181f6a1e52806e0b491d3e63b27bc8fec0f0d5bd66861c05173ee031270","Community",0.0521717370616401
"25","0005770f50f530c11219fa5585560153c72398204b08b9e3f005ae9a83fc41ed","0005770f50f530c11219fa5585560153c72398204b08b9e3f005ae9a83fc41ed","Community",0.662982434245804
"26","0005770f50f530c11219fa5585560153c72398204b08b9e3f005ae9a83fc41ed","1b829fd6ad6191744f418e9b900aab98239c9d5ac208438d9e0def96976ce252","Community",0.24384859446227
"27","0005770f50f530c11219fa5585560153c72398204b08b9e3f005ae9a83fc41ed","1cc9ad0b36dd23f4d1b8b2b5bc4223434e2d14520e3416000331d2dc2dcbee70","Community",0.219285560562972
"28","0005770f50f530c11219fa5585560153c72398204b08b9e3f005ae9a83fc41ed","42e7f57cfe29b44ba75fba33dbddf782be34c201cb95509f9c8b2b90664a3a12","Community",0.490071202232915
"29","0005770f50f530c11219fa5585560153c72398204b08b9e3f005ae9a83fc41ed","473070200af393a81d767bb7906640497fe31b10bc2eeb1357f75d13379c6acf","Community",0.246128071729292
"30","0005770f50f530c11219fa5585560153c72398204b08b9e3f005ae9a83fc41ed","858770e5f29714287d3a4c8a5d7259f9b210a0305f3a6fcff1acf5629debf851","Community",0.105927331930898
"31","0005770f50f530c11219fa5585560153c72398204b08b9e3f005ae9a83fc41ed","9b3ec76a07c3eb039dbd0204c2ea3abe9e59dea5ca75590dbe1228485b858ea7","Community",0.0503882205865786
"32","0005770f50f530c11219fa5585560153c72398204b08b9e3f005ae9a83fc41ed","a1e3346333f76d9059bdb89d7c800d2e8409a94e7643c4203c8479fbc52eb073","Community",0.066233782589759
"33","0005770f50f530c11219fa5585560153c72398204b08b9e3f005ae9a83fc41ed","bc078d8a6a8f293ff1f5f9a47b01d12f73a4a9eb136ee4b211b72e7ca442c007","Community",0.0707969431279378
"34","0005770f50f530c11219fa5585560153c72398204b08b9e3f005ae9a83fc41ed","ce53b843dc8570d78b5f499147282139002145fa2bea9a603f40158b88624ee8","Community",0.0745467169699787
"35","0005770f50f530c11219fa5585560153c72398204b08b9e3f005ae9a83fc41ed","d8766cd5992291e264bfc75acbd64b93480a7b61398bb28d9328adabb5df40aa","Community",0.0608310689190204
"36","0005770f50f530c11219fa5585560153c72398204b08b9e3f005ae9a83fc41ed","f80688cf292e47b83cc50524a3d1dd881b715293381eee2701e2ac3c314c57b7","Community",0.209442445827682
"37","0005f8ebe58f73f38b9d6869a3ee527a90aaa1d9b0fa35d4fdf9cf253b9e9b11","09b7b5ee0da138062ecf4bc748b7c18a4a36a3f0ed10f786f19c2daa2a64f9b6","Community",0.0520755611160091
"38","0005f8ebe58f73f38b9d6869a3ee527a90aaa1d9b0fa35d4fdf9cf253b9e9b11","0df203bb4f18da9d382c468a0c24504f85602ab3c2d0ad8c7385697387b50e44","Community",0.0516352821484094
"39","0005f8ebe58f73f38b9d6869a3ee527a90aaa1d9b0fa35d4fdf9cf253b9e9b11","14e68c8fe6b0c71d81e1ceb8da3a68ea7ae993c343ab1bec30d193229b9cc448","Community",0.0554275686147078
"40","0005f8ebe58f73f38b9d6869a3ee527a90aaa1d9b0fa35d4fdf9cf253b9e9b11","193af94072397cbf4c6404f515b2c2062b50630af6a06d0c4448abf5caec2f72","Community",0.0634538135158775
"41","0005f8ebe58f73f38b9d6869a3ee527a90aaa1d9b0fa35d4fdf9cf253b9e9b11","24e260a332f9873f2cfdd93f4a93310287f30e27b23bfd72e9f24d86a85095e7","Workplace",0.0510443446583903
"42","0005f8ebe58f73f38b9d6869a3ee527a90aaa1d9b0fa35d4fdf9cf253b9e9b11","2f354cc03c8c353bb74db8d109ad4c125ae031be5b7cca21f57c3a461c5c1df2","Community",0.067720502867791
"43","0005f8ebe58f73f38b9d6869a3ee527a90aaa1d9b0fa35d4fdf9cf253b9e9b11","3a07090f726ed871ead70bf61324b9795f1a0f9647ea5f5c53249ee2a5ba497b","Community",0.0540033432856831
"44","0005f8ebe58f73f38b9d6869a3ee527a90aaa1d9b0fa35d4fdf9cf253b9e9b11","4ce0de122fef22c389bb448fdfb500d5d401891b2cae8a34ff0fe8a6bb53fdc8","Community",0.0524969632711348
"45","0005f8ebe58f73f38b9d6869a3ee527a90aaa1d9b0fa35d4fdf9cf253b9e9b11","4f1008e171fab73a5ad1b1391f31a2d85b7153c9f3190d81885c482ea9ac137b","Community",0.0534538252778123
"46","0005f8ebe58f73f38b9d6869a3ee527a90aaa1d9b0fa35d4fdf9cf253b9e9b11","6764f26b593230f2c542de54b618414f98992aa2c0be01e8e4ac48dc0f0c52b8","Community",0.067323550794468
"47","0005f8ebe58f73f38b9d6869a3ee527a90aaa1d9b0fa35d4fdf9cf253b9e9b11","86ac15efffd832dfeb5e1560cdcf85331424aa65db43690bdc7c5c09fb073d54","Community",0.0575451792377352
"48","0005f8ebe58f73f38b9d6869a3ee527a90aaa1d9b0fa35d4fdf9cf253b9e9b11","8f7f46a396dd7e6d142d3f6a9c7f3bf5514fab85d5a614a8614461e1f1e3dfec","Workplace",0.0866144140699675
"49","0005f8ebe58f73f38b9d6869a3ee527a90aaa1d9b0fa35d4fdf9cf253b9e9b11","91bf67bcbca6edd95af99d7a5d5f122bf5782a88308d2b76cdb103b89bc174a4","Community",0.0523628869395461
"50","0005f8ebe58f73f38b9d6869a3ee527a90aaa1d9b0fa35d4fdf9cf253b9e9b11","a02d25fab220afbb36ce40e8b25c2e4b10b79cd96b6c273eef9ba34d09ec6c54","Community",0.0724920216333708
"51","0005f8ebe58f73f38b9d6869a3ee527a90aaa1d9b0fa35d4fdf9cf253b9e9b11","a6b01ff2e54944dce2946a344bd6289ca8bd5219607a7c2e332ea0363c08748e","Community",0.0647582593281312
"52","0005f8ebe58f73f38b9d6869a3ee527a90aaa1d9b0fa35d4fdf9cf253b9e9b11","aec3fe487a630fc7656b378e743e1f1af2e19436165c9f18c6cfe9c5e736a771","Community",0.050750495824574
"53","0005f8ebe58f73f38b9d6869a3ee527a90aaa1d9b0fa35d4fdf9cf253b9e9b11","bff034d6129d9aa8e6b106c9ab3c946b504e81731c35323e7f47b689ac12f1a4","Community",0.0512187357743438
"54","0005f8ebe58f73f38b9d6869a3ee527a90aaa1d9b0fa35d4fdf9cf253b9e9b11","c48ce03b4be8daab374a7915c9db824d7eb1b510dd19aeb7a8983ce0b5a075dd","Community",0.0789982794876697
"55","0005f8ebe58f73f38b9d6869a3ee527a90aaa1d9b0fa35d4fdf9cf253b9e9b11","d8eb87b3b11544457706be6fc3943e6c67fa2234df9e520677fa99524821898b","Community",0.0543872770318957
"56","0005f8ebe58f73f38b9d6869a3ee527a90aaa1d9b0fa35d4fdf9cf253b9e9b11","dedacb84f5463d203dd32508242c0ccbb0dff75af427222ac23df9d5eb785b91","Community",0.077935385203594
"57","0005f8ebe58f73f38b9d6869a3ee527a90aaa1d9b0fa35d4fdf9cf253b9e9b11","e1d2813b79229c6ec95dd6e83b66fefee5b11d241cd731ccc46dda682c5a3f57","Community",0.0559978074321651
"58","0005f8ebe58f73f38b9d6869a3ee527a90aaa1d9b0fa35d4fdf9cf253b9e9b11","e6a22a3ce4fbc4eee4140b1b17197e132c98d89004dd6d637c68d3321d672f2f","Community",0.0736843016985457
"59","0005f8ebe58f73f38b9d6869a3ee527a90aaa1d9b0fa35d4fdf9cf253b9e9b11","fbcd4c50d9f69b1d1cb4b86776140cfc9ad49de0496fac837cbcba228dcb70c8","Community",0.0566873313120262
"60","000657595de0bee53aaa139e25d227aab5828aa8ce0536bb7ee64290ab0ba192","000657595de0bee53aaa139e25d227aab5828aa8ce0536bb7ee64290ab0ba192","Community",0.297763512582904
"61","000657595de0bee53aaa139e25d227aab5828aa8ce0536bb7ee64290ab0ba192","00a2cc3b8247ce6f1df283aeb5ead8f35671709829e66df1382b2eed9426f17e","Community",0.137995356041268
"62","000657595de0bee53aaa139e25d227aab5828aa8ce0536bb7ee64290ab0ba192","028c2f9e6d783025558c12379c4811af4dd50ca28c4ab4a808bce0eb6dffe765","Community",0.14067140104734
"63","000657595de0bee53aaa139e25d227aab5828aa8ce0536bb7ee64290ab0ba192","04e33ec3340d809c00dc209b202a3299bb00db9b9fb8b39c99990b3edd91825d","Community",0.0851067246023662
"64","000657595de0bee53aaa139e25d227aab5828aa8ce0536bb7ee64290ab0ba192","0cb47444f1fd582404434fa0f49ea7ffd400baa3d850a5df1ea61cb3371c5e2b","Community",0.0667566181666846
"65","000657595de0bee53aaa139e25d227aab5828aa8ce0536bb7ee64290ab0ba192","0e98481200dda9436e87b274c9cdbd148d3c3c6bc3896070d199fbf4d506d243","Community",0.143230986152106
"66","000657595de0bee53aaa139e25d227aab5828aa8ce0536bb7ee64290ab0ba192","162872073f28a233fef45607f667ea49ba5705379a5ff6a075fac6eb190dd076","Community",0.292105719880639
"67","000657595de0bee53aaa139e25d227aab5828aa8ce0536bb7ee64290ab0ba192","1660a03fad23ed64b3a3824274c406fd03c3ae3ff2175e22c4529dc5aebf1ee4","Community",0.171786164630933
"68","000657595de0bee53aaa139e25d227aab5828aa8ce0536bb7ee64290ab0ba192","167c777228e637c75af045d891161a509bc2d9ddfcefd3c9056b03551dc6a6aa","Community",0.0915881397216552
"69","000657595de0bee53aaa139e25d227aab5828aa8ce0536bb7ee64290ab0ba192","18c2db05563cac90a7386c8fe57f9556c7511a3ef09871fd9dc42b5ece1f6c29","Community",0.107913166992671
"70","000657595de0bee53aaa139e25d227aab5828aa8ce0536bb7ee64290ab0ba192","1b7cd84e8bd65cb1fc6ff02213a418546c63fd4f6049168f7255d36c42cd42aa","Community",0.358987522922072
"71","000657595de0bee53aaa139e25d227aab5828aa8ce0536bb7ee64290ab0ba192","232189957d58b77996528749b4c6e722466f3d49bf40f3a9517159748aac73dc","Community",0.459086911620004
"72","000657595de0bee53aaa139e25d227aab5828aa8ce0536bb7ee64290ab0ba192","264464c4667e43c88bb52222ada454832d1da06b512ca04e171f17db1e516ebc","Community",0.151346362407416
"73","000657595de0bee53aaa139e25d227aab5828aa8ce0536bb7ee64290ab0ba192","2a5efbc60e0de5a8c34fb1b37321431d6598f5c5d189d05bc1ff9182c0bb5f71","Community",0.235276920500978
"74","000657595de0bee53aaa139e25d227aab5828aa8ce0536bb7ee64290ab0ba192","3447d22f4280f2309fee81dc6db66c59ec937ee8d1c41eae32f8d22dfeec1caf","Community",0.103332919912977
"75","000657595de0bee53aaa139e25d227aab5828aa8ce0536bb7ee64290ab0ba192","43246c335d1cdc0ebb69b08926bbe1f9bef169cc684afc22f32ce17f70ba2f9a","Community",0.173315220785684
"76","000657595de0bee53aaa139e25d227aab5828aa8ce0536bb7ee64290ab0ba192","43bdca3c0873dfa05571e9b112b58e497331e05c1cf985950e5f98a5676afe8f","Community",0.337582038340263
"77","000657595de0bee53aaa139e25d227aab5828aa8ce0536bb7ee64290ab0ba192","4675365ba101937869934f27b39137d2b32ce6d0361b2eea6f6bae7f192bd2dc","Community",0.0814283391665526
"78","000657595de0bee53aaa139e25d227aab5828aa8ce0536bb7ee64290ab0ba192","570aef7898250f401e046a6a76e6c53a10154b7c80eb18211919908bd00790ea","Community",0.113842632503609
"79","000657595de0bee53aaa139e25d227aab5828aa8ce0536bb7ee64290ab0ba192","57fb2fec6aeba52eab951eb680a0e65e092e258dd917f703eb383a426c6cc006","Community",0.207040983775007
"80","000657595de0bee53aaa139e25d227aab5828aa8ce0536bb7ee64290ab0ba192","5a6dba0282d12b825d8d0fc3ed57c912b88c2e61aa20a265fcb7fdda6f94534d","Community",0.2606886043851
"81","000657595de0bee53aaa139e25d227aab5828aa8ce0536bb7ee64290ab0ba192","5d8a866100d98a7f7558e1023904245c72fcc4b7692588fb78611c2191e0e423","Community",0.365176512802353
"82","000657595de0bee53aaa139e25d227aab5828aa8ce0536bb7ee64290ab0ba192","61618ac33e0ca6af3cfb108c4abc8cbd23bdbd908b3b5187980fe207cd754bd2","Community",0.173109728760482
"83","000657595de0bee53aaa139e25d227aab5828aa8ce0536bb7ee64290ab0ba192","6815e368f98ad3029a9d6c7bfcee8865986199e2cce355e17a7adf27a10bcfc4","Community",0.139106055511913
"84","000657595de0bee53aaa139e25d227aab5828aa8ce0536bb7ee64290ab0ba192","683546aa6922739ff582f7770fe5e0504dd1aeaefc970a7fc6eb70807a05659c","Community",0.135112920480579
"85","000657595de0bee53aaa139e25d227aab5828aa8ce0536bb7ee64290ab0ba192","6c30b90f77d407e266a627170a5093efc7f19daacb4315f7d841a89e5c9cdd87","Community",0.174255888681114
"86","000657595de0bee53aaa139e25d227aab5828aa8ce0536bb7ee64290ab0ba192","6c6c20465348c6eac36eaa9a2b2c0f278621869fc459f3073ee4d01fc3b3d260","Community",0.0659446602138854
"87","000657595de0bee53aaa139e25d227aab5828aa8ce0536bb7ee64290ab0ba192","76c52b3ce717c6a767ea8427021a094c3702adebb77720e4a8a91e401aa7df5f","Community",0.187104228354462
"88","000657595de0bee53aaa139e25d227aab5828aa8ce0536bb7ee64290ab0ba192","7d8805cc97c2cbea7074b9f694cdfd82bdfebbb882bdb966ed830b3752bf0fc5","Community",0.0977969033852238
"89","000657595de0bee53aaa139e25d227aab5828aa8ce0536bb7ee64290ab0ba192","7e2909e568485a953f0ef6ac076998d1a666042ad44fc759aeedfdd1a99c93a6","Community",0.276345365836151
"90","000657595de0bee53aaa139e25d227aab5828aa8ce0536bb7ee64290ab0ba192","7e8f2457aa681d4806272d50d1dd6f3c82c1eb0739d1a8282844111948f51560","Community",0.0818838481099465
"91","000657595de0bee53aaa139e25d227aab5828aa8ce0536bb7ee64290ab0ba192","806a77cc5737b1e8d9bd959010ede3b1673bc17cce0ce7545d8bb8220c4aa6c4","Community",0.128531091625564
"92","000657595de0bee53aaa139e25d227aab5828aa8ce0536bb7ee64290ab0ba192","899c2eb15ee0a995b32ebad6a4c94d71a5a7ed969994da28f889d336e516f043","Community",0.089890252249155
"93","000657595de0bee53aaa139e25d227aab5828aa8ce0536bb7ee64290ab0ba192","89ae5e7ee62c60b10ffca51fc582034151f9ac5a303c8038f8f21c041da89344","Community",0.157779095716295
"94","000657595de0bee53aaa139e25d227aab5828aa8ce0536bb7ee64290ab0ba192","8edbefa48f938d88187139720ac09a5b643d403e329dd75885c873bbf2e41786","Community",0.0572167841127516
"95","000657595de0bee53aaa139e25d227aab5828aa8ce0536bb7ee64290ab0ba192","995c2f36e6383eb9f7a05da3283b0340aa0ff836e608c7bc54783d4389ec7de5","Community",0.0728593126223665
"96","000657595de0bee53aaa139e25d227aab5828aa8ce0536bb7ee64290ab0ba192","9bce5a7d21bd2a25369c1215a5538da37b64cc9100135d8cc7889cf6a14b0bc7","Community",0.185242815718279
"97","000657595de0bee53aaa139e25d227aab5828aa8ce0536bb7ee64290ab0ba192","a0bcc7073c2220e88b1855ae7421cf86e02d5b01b6021c6edf915e93f751baa8","Community",0.0856754943516734
"98","000657595de0bee53aaa139e25d227aab5828aa8ce0536bb7ee64290ab0ba192","a1233d62d8546dcb7117191bd84f1e0acfe3f0b2a65c5e3a5210da1524e1735f","Community",0.0965528979573143
"99","000657595de0bee53aaa139e25d227aab5828aa8ce0536bb7ee64290ab0ba192","a1d857395ca338ba5f3970be88568e6995b22196cd55ac0b00a6e07f17fc8735","Community",0.251214766688733
"100","000657595de0bee53aaa139e25d227aab5828aa8ce0536bb7ee64290ab0ba192","abafd7ba7c61f3ca78e5a3d128279d68047aa307a54f29e330016965a00c975e","Community",0.18758996779182
"101","000657595de0bee53aaa139e25d227aab5828aa8ce0536bb7ee64290ab0ba192","b0a3a0fa32e32243e2e248ec93deae5f519b8d63931c4ab41f9d812498617f27","Community",0.0844094729197604
"102","000657595de0bee53aaa139e25d227aab5828aa8ce0536bb7ee64290ab0ba192","b160fead74e83491834ed51da59d35e91c2573bff3ec743d9dbde39fe7408767","Community",0.197151068332254
"103","000657595de0bee53aaa139e25d227aab5828aa8ce0536bb7ee64290ab0ba192","bb1a87cbcf8461aace609402dc9871578ec39434c9f5088537e51ec904c0ea23","Community",0.21320110551379
"104","000657595de0bee53aaa139e25d227aab5828aa8ce0536bb7ee64290ab0ba192","bd05fc43e725ce6599aa3c59a72a995b7a7438ac753e8dfc7cc916eb88156edb","Community",0.237257243875174
"105","000657595de0bee53aaa139e25d227aab5828aa8ce0536bb7ee64290ab0ba192","c48e74de84e33895d7220bff64401258106e9bc125e8db2d8682395a019588f0","Community",0.0515572669765117
"106","000657595de0bee53aaa139e25d227aab5828aa8ce0536bb7ee64290ab0ba192","c77b61613aec94c328d59c03d3799042664d7cef290298ed91bd64a6ba59e2ba","Community",0.152256438434725
"107","000657595de0bee53aaa139e25d227aab5828aa8ce0536bb7ee64290ab0ba192","c96d50b6e2083949afae5c55f6349a21840117d522325870da92ee5adfad0354","Community",0.276895577626244
"108","000657595de0bee53aaa139e25d227aab5828aa8ce0536bb7ee64290ab0ba192","cf29994731a63ce2a21df7358039fa09d8dc3302526011f764bbdada4dc35abc","Community",0.186171098887254
"109","000657595de0bee53aaa139e25d227aab5828aa8ce0536bb7ee64290ab0ba192","d4138b6eb40e7bdd721e1bd1b601f35be3fbfa4c301ad53df51cd4cc253cbb7c","Community",0.298725174896698
"110","000657595de0bee53aaa139e25d227aab5828aa8ce0536bb7ee64290ab0ba192","db4d69818cd0e3ff80c89c31c43cc34e86d7956b6f6c58f2ad86e93ef16e689a","Community",0.19332347879807
"111","000657595de0bee53aaa139e25d227aab5828aa8ce0536bb7ee64290ab0ba192","db600c0cd6f145f8fa194cd5f2f69ee809c6d9542d4a6e1b18c7c69a3b419b15","Community",0.262651077163802
"112","000657595de0bee53aaa139e25d227aab5828aa8ce0536bb7ee64290ab0ba192","dccf3ef92fd5c522ee5337e63f58cbd38eb1c1356619463b6d765ec52b63b049","Community",0.231966634365021
"113","000657595de0bee53aaa139e25d227aab5828aa8ce0536bb7ee64290ab0ba192","de918f90faa934848634c439b52312377ff3318220ccad25c0c21bc65f9c6a2a","Community",0.079410818304978
"114","000657595de0bee53aaa139e25d227aab5828aa8ce0536bb7ee64290ab0ba192","e765fea4cff3da09a5d6f812597eba8d3675580395ad4e403ac882425530a837","Community",0.238386198751789
"115","000657595de0bee53aaa139e25d227aab5828aa8ce0536bb7ee64290ab0ba192","e97c367f18c760ccb6877dcb113a9cf0da9b9e810c7782f2f1cc611f2a6ced8a","Community",0.0570785485788255
"116","000657595de0bee53aaa139e25d227aab5828aa8ce0536bb7ee64290ab0ba192","eb37d908067935f4a23684aac1048d8dcc4435ab22e31cfe60c961fbf89e3e30","Community",0.292160928354025
"117","000657595de0bee53aaa139e25d227aab5828aa8ce0536bb7ee64290ab0ba192","fe861bbe266bb7e7cc48c9172c388a518fe4cb4afbaf4f47aef54230512f883b","Community",0.176592749121777
"118","00072dd5efde0705b2dcb586126f9069f64a6aa5d89dc55fa89726ece407af0c","00072dd5efde0705b2dcb586126f9069f64a6aa5d89dc55fa89726ece407af0c","Community",0.119694398349787
"119","00072dd5efde0705b2dcb586126f9069f64a6aa5d89dc55fa89726ece407af0c","00072dd5efde0705b2dcb586126f9069f64a6aa5d89dc55fa89726ece407af0c","School",0.053028025680531
"120","00072dd5efde0705b2dcb586126f9069f64a6aa5d89dc55fa89726ece407af0c","0ddf36cd2d62f891b7b9f9da442b2edfea497200422512836bcb3c76d76ae5a5","Community",0.0679273927805303
"121","00072dd5efde0705b2dcb586126f9069f64a6aa5d89dc55fa89726ece407af0c","0ddf36cd2d62f891b7b9f9da442b2edfea497200422512836bcb3c76d76ae5a5","School",0.0747678302231853
"122","00072dd5efde0705b2dcb586126f9069f64a6aa5d89dc55fa89726ece407af0c","217dec796dc58f4bb864620860c9b6d301caef9d8360f921bfc591b4204c1af9","Community",0.097828423631898
"123","00072dd5efde0705b2dcb586126f9069f64a6aa5d89dc55fa89726ece407af0c","274cf75b86015c09e7cf26fda4d26f6a1a39cd98dcc0e702b03bc9f754384045","Community",0.121634781877438
"124","00072dd5efde0705b2dcb586126f9069f64a6aa5d89dc55fa89726ece407af0c","30f9f34517951815d60ad9803cc9becbf2ed2e27a5f1f65e9844f38e27e84c80","Community",0.102944018375967
"125","00072dd5efde0705b2dcb586126f9069f64a6aa5d89dc55fa89726ece407af0c","30f9f34517951815d60ad9803cc9becbf2ed2e27a5f1f65e9844f38e27e84c80","School",0.0945898637404372
"126","00072dd5efde0705b2dcb586126f9069f64a6aa5d89dc55fa89726ece407af0c","41ff80b2a2fff595c6f746f698e73c53ad27b5376af4110a12da3a334401da84","Community",0.0616059505710605
"127","00072dd5efde0705b2dcb586126f9069f64a6aa5d89dc55fa89726ece407af0c","9e7ec4c92da9346e1a65b516ea2ed31ad7e4fdb796525d4f26235dc379afba66","Community",0.0547881325919041
"128","00072dd5efde0705b2dcb586126f9069f64a6aa5d89dc55fa89726ece407af0c","a7aba14d75408388501b7b913d36581efcb38b9fc071036a3b041a92ac4c110a","Community",0.0516764843263902
"129","00072dd5efde0705b2dcb586126f9069f64a6aa5d89dc55fa89726ece407af0c","b65d37845cfed0e1efaaeab0a254fc4bbbe7e50a7687c05a0b4b5e7cd2d1411c","Community",0.0526407614360356
"130","00072dd5efde0705b2dcb586126f9069f64a6aa5d89dc55fa89726ece407af0c","d141c9a90b1b6138a0f3d6ba83abf865d5dd7d5b24a88a66e8482b2ac8dee159","Community",0.103465056036009
"131","00072dd5efde0705b2dcb586126f9069f64a6aa5d89dc55fa89726ece407af0c","e12c1713f1e613c888bd6b86b779a05a44427f5883e45d4e0b995aa941ac1652","Community",0.243369863317873
"132","00072dd5efde0705b2dcb586126f9069f64a6aa5d89dc55fa89726ece407af0c","f15aa75f10c68616bb3a6dced08b55fe4c995693d215bb279cd750095a1e6429","Community",0.118253391225277
"133","00074f13c674c9b8aadf2a37c4f6a57a35fe1b7b71f0d17413953928012c3bf8","00074f13c674c9b8aadf2a37c4f6a57a35fe1b7b71f0d17413953928012c3bf8","Community",0.449906226752586
"134","00074f13c674c9b8aadf2a37c4f6a57a35fe1b7b71f0d17413953928012c3bf8","04dfa95b5f06e455a35d31b148206ef57691a3f915f18e43bda92e83f576a02c","Community",0.101192609114428
"135","00074f13c674c9b8aadf2a37c4f6a57a35fe1b7b71f0d17413953928012c3bf8","7f90f7d7fd0cfa532b95d376bf9306452fc527025dda6c7f7d1e4be13b2db68c","School",0.0804035279515782
"136","00074f13c674c9b8aadf2a37c4f6a57a35fe1b7b71f0d17413953928012c3bf8","94a9cee37271110665c5b596b2ed58fc43c7783e5fcaccfd9348cde325e07a64","Community",0.0634328597648375
"137","00074f13c674c9b8aadf2a37c4f6a57a35fe1b7b71f0d17413953928012c3bf8","a5ea894f9a70d8c06e6e6bbc54a0f0ab60465592035fdbd4c506579e416fff7b","Community",0.153598704577565
"138","00074f13c674c9b8aadf2a37c4f6a57a35fe1b7b71f0d17413953928012c3bf8","b4c516d46e0896a71fc3332601f124a61d018a8c1988888bac5b4f09203b8099","Community",0.0537682486894865
"139","00074f13c674c9b8aadf2a37c4f6a57a35fe1b7b71f0d17413953928012c3bf8","c58cadf2f41fc5b63e70bb004e476c444138ba1e3e13bfc7055524696e19eaa2","School",0.0646557376865464
"140","00074f13c674c9b8aadf2a37c4f6a57a35fe1b7b71f0d17413953928012c3bf8","d3e00449f10cdfc51f7748f97a4a78f8bc1c391d6b8b3cd02631d524c86a1fd2","Community",0.0969015047502885
"141","00074f13c674c9b8aadf2a37c4f6a57a35fe1b7b71f0d17413953928012c3bf8","d3e00449f10cdfc51f7748f97a4a78f8bc1c391d6b8b3cd02631d524c86a1fd2","School",0.114704146671596
"142","00081f551068e3c8879cd3498f4f5337eab2b47087144b1a0a9d949b210f5bff","00081f551068e3c8879cd3498f4f5337eab2b47087144b1a0a9d949b210f5bff","Community",0.0807959328649542
"143","00081f551068e3c8879cd3498f4f5337eab2b47087144b1a0a9d949b210f5bff","1bdc78ac43710e2f788fb7da946d929a32641b9111b9952d1bc06fd5f2a82f31","Community",0.115272048480809
"144","00081f551068e3c8879cd3498f4f5337eab2b47087144b1a0a9d949b210f5bff","22f007c7bacb8f4df927d082f69174974807fb08e0c183c2083db2908046a17e","Community",0.0574796015061437
"145","00081f551068e3c8879cd3498f4f5337eab2b47087144b1a0a9d949b210f5bff","2c124727a101ff8af71b3668ab55a1201d0c70695b35a7f7030fe6089fa4d5a7","Community",0.114801619887162
"146","00081f551068e3c8879cd3498f4f5337eab2b47087144b1a0a9d949b210f5bff","3c9a24138ad67907534b8dff41fc8a09e66254a692412f5451aabeeba3facf52","Community",0.0715718599988637
"147","00081f551068e3c8879cd3498f4f5337eab2b47087144b1a0a9d949b210f5bff","44ee613c3f92a01d3b5995f2c76f651abc933a42625922d11c56bfcab0ec22b6","Community",0.0605735409124411
"148","00081f551068e3c8879cd3498f4f5337eab2b47087144b1a0a9d949b210f5bff","4b1d6e52af502ae48d43c6bf1c2fe0abe74b019c3890200753e603b2a9cbdc95","Community",0.0995700909902387
"149","00081f551068e3c8879cd3498f4f5337eab2b47087144b1a0a9d949b210f5bff","58c5f1ebab32cf3fec3dbd53739b6a0b624d587de43d2657497d144866fac98d","Community",0.0519159642247749
"150","00081f551068e3c8879cd3498f4f5337eab2b47087144b1a0a9d949b210f5bff","8ebf0f7cf031383567a6ae6921e09e91b8b19c7a809395cccdb82af294a142ca","Community",0.084335271973776
"151","00081f551068e3c8879cd3498f4f5337eab2b47087144b1a0a9d949b210f5bff","94cd529ea6389f43c33b1af5c8da15c2b0f2c9f4113125092e2c0bb6b3bc51ab","Community",0.0504590323038589
"152","00081f551068e3c8879cd3498f4f5337eab2b47087144b1a0a9d949b210f5bff","9f9ad261a941fd239d02e1f3611267ed7afa7a286b5a5a01932e87dea13a109c","Community",0.0662824846923148
"153","00081f551068e3c8879cd3498f4f5337eab2b47087144b1a0a9d949b210f5bff","a0405703986535d253fc2b9940b689a0546f347b6b90d5e7064b30ed9fa1c063","Community",0.0909064759415334
"154","00081f551068e3c8879cd3498f4f5337eab2b47087144b1a0a9d949b210f5bff","b15d9aea30d501e035297a7f9ec665beab515eebdfdb7abad2d91f4ffee42c0b","Community",0.0614815100770701
"155","00081f551068e3c8879cd3498f4f5337eab2b47087144b1a0a9d949b210f5bff","bdbc1c7dba6a322a6d7054f191435898e6380cbc3df6a49ca1170b018892e1fe","Community",0.0988622330783431
"156","00081f551068e3c8879cd3498f4f5337eab2b47087144b1a0a9d949b210f5bff","c836809ac37e62e137b76f5441478cbea920c0afd099ff5d9ab982eab0ccafe4","Community",0.0665672640339818
"157","00081f551068e3c8879cd3498f4f5337eab2b47087144b1a0a9d949b210f5bff","cbba0b69f50d311342ddbbffcd53b69a1d641e805e6adf744d12b3421457b3dc","Community",0.108745490830442
"158","00081f551068e3c8879cd3498f4f5337eab2b47087144b1a0a9d949b210f5bff","cf268f02792d34f61bac92777e4cafc2cc3c2001c52be672a4fc143045acb358","Community",0.20526144168136
"159","00081f551068e3c8879cd3498f4f5337eab2b47087144b1a0a9d949b210f5bff","e1eca164ebac3528fa675fa1cbde29d9f37db6c32acb39864b72066e7a2e29df","Community",0.0706668270197119
"160","00081f551068e3c8879cd3498f4f5337eab2b47087144b1a0a9d949b210f5bff","e1ff4dafb83c4a4000a9fe88da7c63f91b68ccad6b88dfb462ec0f7c3d6ee2b5","Community",0.0759178586338579
"161","000a7ccba6dddbbb1df8c99b0e47af0e074e784a802c0658f94718c00103a450","000a7ccba6dddbbb1df8c99b0e47af0e074e784a802c0658f94718c00103a450","Community",0.279497081614571
"162","000a7ccba6dddbbb1df8c99b0e47af0e074e784a802c0658f94718c00103a450","02240283a5cb466112c648fcf68a5119ba176fa64093f967e3f12f6dca0495f8","Community",0.319634645970715
"163","000a7ccba6dddbbb1df8c99b0e47af0e074e784a802c0658f94718c00103a450","0c234ef791c979087072a9cd3a3517ff659c9c5bc39681a17cc37d7a29c46475","Community",0.126356553685512
"164","000a7ccba6dddbbb1df8c99b0e47af0e074e784a802c0658f94718c00103a450","151d3a042a1df325dcf41167efd006868181fb12757475f57a95dbe7a9eda811","Community",0.307734407690694
"165","000a7ccba6dddbbb1df8c99b0e47af0e074e784a802c0658f94718c00103a450","19424fdeef2403f0bbc19d0ac813bbb6718b1d6dada75081fbe6c8a7a67133de","Community",0.0646249669086161
"166","000a7ccba6dddbbb1df8c99b0e47af0e074e784a802c0658f94718c00103a450","1ec6c91662c354f1fbceb7cab1e5caaab2c6ffb25a4184d3738c58648670b944","Community",0.176918426039478
"167","000a7ccba6dddbbb1df8c99b0e47af0e074e784a802c0658f94718c00103a450","238353e8b967f956f475fc5c93a490c0c17f925ae039a5bb34352fb4568d18c1","Community",0.187838977153119
"168","000a7ccba6dddbbb1df8c99b0e47af0e074e784a802c0658f94718c00103a450","274fa8e36fd4e9790773b4a83ba4894c6ee5e9932e3d9845f81b89f77a9cdec3","Community",0.0582540524425674
"169","000a7ccba6dddbbb1df8c99b0e47af0e074e784a802c0658f94718c00103a450","2bf4bd357cea279a6de61b3a115b21dfacb902aa998be2e29401410a4cbc0b65","Community",0.336575772098905
"170","000a7ccba6dddbbb1df8c99b0e47af0e074e784a802c0658f94718c00103a450","2c973e5349a20a41908b118cc5368fb75a1d81254db6f521bbbbdc66b76c5332","Community",0.311032683672726
"171","000a7ccba6dddbbb1df8c99b0e47af0e074e784a802c0658f94718c00103a450","2d4350f27380c5bff5f4ec97ef441637c29fe64c80e768a393632ea169976ee0","Community",0.107891688391634
"172","000a7ccba6dddbbb1df8c99b0e47af0e074e784a802c0658f94718c00103a450","2e8522fb893eaf748d18c773d2f8fd341e9cac871c735e6a4cafdf5b37d4619b","Community",0.0892636468715942
"173","000a7ccba6dddbbb1df8c99b0e47af0e074e784a802c0658f94718c00103a450","454d781b08db4bc151f792fd4234ef879414784c73319c6abf860b78596287b4","Community",0.216333585439023